类别,子类别,资源名称,用途说明,优先级,当前状态,建议来源/备注
"音效","战斗","hit","普通击中音效","P0","缺失","小森平 jidaigeki01en.html → 刀剑斩击肉体声"
"音效","战斗","slash","挥砍破风声","P0","缺失","小森平 jidaigeki01en.html → 刀剑挥舞声"
"音效","战斗","parry","弹反成功金属碰撞声","P0","缺失","小森平 jidaigeki01en.html → 刀剑碰撞声"
"音效","战斗","heavy_hit","重击打击声","P0","缺失","小森平 jidaigeki01en.html → 重斩击打声"
"音效","战斗","punch","拳击/普通打击声","P1","缺失","小森平 attack01en.html → 重拳打击声"
"音效","战斗","damage_taken","玩家受击闷哼声","P1","缺失","小森平 attack01en.html → 受击闷哼"
"音效","战斗","death","敌人死亡倒地声","P0","缺失","小森平 attack01en.html → 沉重倒地声"
"音效","战斗","boss_death","Boss死亡大型碎裂声","P0","缺失","小森平 arms01en.html → 大型碎裂声"
"音效","移动","dash","冲刺掠过声","P0","缺失","小森平 human01en.html → 快速冲刺声"
"音效","移动","footstep","脚步声（沙石地面）","P1","缺失","小森平 human01en.html → 沙石脚步声"
"音效","UI","ui_click","UI 点击/毛笔触纸声","P0","缺失","小森平 game01en.html → 轻柔点击声"
"音效","UI","ui_confirm","UI 确认上扬提示声","P0","缺失","小森平 game01en.html → 确认音效"
"音效","UI","ui_cancel","UI 取消/错误低沉短声","P0","缺失","小森平 game01en.html → 取消音效"
"音效","UI","ui_coin","金币拾取清脆叮当声","P1","缺失","小森平 game01en.html → 金币拾取声"
"音效","升级","levelup","升级/强化上扬旋律","P0","缺失","小森平 game01en.html → 升级号角声"
"音效","升级","exp_pickup","经验水晶轻闪光收集声","P0","缺失","小森平 game01en.html → 闪光收集声"
"音效","技能","special_skill","能量蓄力释放（水墨爆发感）","P0","缺失","小森平 magic01en.html → 能量蓄力释放"
"音效","技能","buff_activate","光环加身空灵上扬声","P1","缺失","小森平 magic01en.html → 光环加身"
"音效","环境","ambient_wind","竹林微风环境音","P2","缺失","小森平 nature01en.html → 竹林微风"
"音效","环境","ambient_rain","细雨声（水墨意境）","P2","缺失","小森平 nature01en.html → 细雨声"
"音效","BGM","bgm_menu","主菜单BGM（尺八独奏）","P0","缺失","MiniMax AI生成国风尺八独奏"
"音效","BGM","bgm_battle","战斗BGM（太鼓节奏）","P0","缺失","MiniMax AI生成国风太鼓"
"音效","BGM","bgm_boss","Boss战BGM（大鼓重击）","P0","缺失","MiniMax AI生成压迫感大鼓"
"音效","结束","game_over","游戏结束低沉哀伤声","P0","缺失","小森平 magic01en.html → 低沉哀伤"
"音效","结束","victory","胜利号角古筝扫弦感","P1","缺失","小森平 game01en.html → 胜利号角"
"Spine动画","玩家","player_idle","玩家待机动：水墨侠客呼吸起伏","P0","缺失","Spine制作 → 侠客持剑，衣袂微动"
"Spine动画","玩家","player_run","玩家奔跑：衣袂飘动墨迹拖尾","P0","缺失","Spine制作 → 疾跑"
"Spine动画","玩家","player_attack","玩家普通攻击：挥剑墨线轨迹","P0","缺失","Spine制作 → 挥剑斩击"
"Spine动画","玩家","player_heavy_attack","玩家重击：蓄力重斩墨爆","P0","缺失","Spine制作 → 蓄力重斩"
"Spine动画","玩家","player_dash","玩家冲刺：化为墨影前冲","P0","缺失","Spine制作 → 墨影冲刺"
"Spine动画","玩家","player_hurt","玩家受击：后仰溅墨","P0","缺失","Spine制作 → 受击"
"Spine动画","玩家","player_die","玩家死亡：墨迹消散","P0","缺失","Spine制作 → 死亡消散"
"Spine动画","玩家","player_parry","玩家弹反：格挡墨盾展开","P0","缺失","Spine制作 → 弹反格挡"
"Spine动画","玩家","player_parry_success","弹反成功：墨花绽放","P0","缺失","Spine制作 → 弹反成功"
"Spine动画","杂兵","grunt_idle","杂兵待机","P0","缺失","Spine制作 → 水墨小妖"
"Spine动画","杂兵","grunt_walk","杂兵移动靠近","P0","缺失","Spine制作 → 缓慢靠近"
"Spine动画","杂兵","grunt_attack","杂兵攻击挥砍","P0","缺失","Spine制作 → 挥砍"
"Spine动画","杂兵","grunt_hurt","杂兵受击溅墨后仰","P0","缺失","Spine制作 → 受击"
"Spine动画","杂兵","grunt_die","杂兵死亡墨迹消散","P0","缺失","Spine制作 → 死亡"
"Spine动画","弓手","archer_idle","弓手拉弓待机","P0","缺失","Spine制作 → 水墨弓手"
"Spine动画","弓手","archer_attack","弓手墨箭射出","P0","缺失","Spine制作 → 攻击"
"Spine动画","弓手","archer_hurt","弓手受击溅墨后仰","P0","缺失","Spine制作 → 受击"
"Spine动画","弓手","archer_die","弓手死亡弓折人散","P0","缺失","Spine制作 → 死亡"
"Spine动画","精英","elite_idle","精英大型妖怪待机","P0","缺失","Spine制作 → 大型妖怪"
"Spine动画","精英","elite_attack","精英攻击大型挥砍","P0","缺失","Spine制作 → 攻击"
"Spine动画","精英","elite_hurt","精英受击溅墨后仰","P0","缺失","Spine制作 → 受击"
"Spine动画","精英","elite_die","精英死亡墨爆消散","P0","缺失","Spine制作 → 死亡"
"Spine动画","Boss","boss_idle","Boss巨型妖怪待机","P0","缺失","Spine制作 → 巨型妖怪"
"Spine动画","Boss","boss_attack","Boss大型AOE攻击","P0","缺失","Spine制作 → 攻击"
"Spine动画","Boss","boss_hurt","Boss受击墨迹飞溅","P0","缺失","Spine制作 → 受击"
"Spine动画","Boss","boss_die","Boss死亡墨海消散","P0","缺失","Spine制作 → 死亡"
"预制体","玩家","Player","玩家完整预制体（Spine+全组件）","P0","缺失","代码创建 → 需转为预制体"
"预制体","敌人","Enemy_Grunt","杂兵预制体","P0","缺失","EnemyBase+Grunt+Spine+Hurtbox"
"预制体","敌人","Enemy_Archer","弓手预制体","P0","缺失","EnemyBase+Archer+Spine+远程攻击"
"预制体","敌人","Enemy_Elite","精英预制体","P0","缺失","EnemyBase+Elite+Spine+大碰撞体"
"预制体","敌人","Enemy_Boss","Boss预制体","P0","缺失","EnemyBase+Boss+Spine+BossHPBar引用"
"预制体","物品","ExpCrystal","经验水晶预制体","P0","缺失","ExpCrystal+Collider2D+SpriteRenderer"
"预制体","武器","InkBolt","墨弹弹体预制体","P1","缺失","AutoWeapon+InkBoltBehaviour+SpriteRenderer"
"预制体","武器","InkSwirl","墨旋弹体预制体","P1","缺失","AutoWeapon+InkSwirlOrbit+SpriteRenderer"
"预制体","武器","InkStrike","墨柱弹体预制体","P1","缺失","AutoWeapon+InkStrikeBehaviour+SpriteRenderer"
"预制体","武器","InkSlash","墨斩弹体预制体","P1","缺失","AutoWeapon+InkSlashBehaviour+SpriteRenderer"
"预制体","UI","DamageNumber","伤害数字预制体","P0","缺失","DamageNumber+TextMeshPro+Animator"
"预制体","UI","BattleHUD","战斗HUD预制体","P0","缺失","Canvas+BattleHUD+各子UI"
"视觉特效","打击","InkHitVFX","墨迹飞溅打击特效","P0","缺失","SpriteRenderer粒子池"
"视觉特效","打击","InkSlashVFX","挥砍墨线特效","P0","缺失","程序化墨线+TrailRenderer"
"视觉特效","技能","InkSwirlVFX","墨旋环绕粒子","P1","缺失","旋转墨滴+淡入淡出"
"视觉特效","技能","InkStrikeVFX","墨柱落地墨爆","P1","缺失","柱形墨迹扩散"
"视觉特效","技能","InkBoltVFX","墨弹飞行拖尾","P1","缺失","墨滴+拖尾粒子"
"视觉特效","技能","InkSlashVFX","墨刃推进波","P1","缺失","水墨弧线推进"
"视觉特效","环境","AmbientInkVFX","场景漂浮墨点","P2","缺失","背景随机墨点飘落"
"视觉特效","UI","LevelUpVFX","升级爆发特效","P1","缺失","墨花绽放+金光"
"视觉特效","死亡","EnemyDeathVFX","敌人死亡墨迹蒸腾","P0","缺失","墨迹溶解/蒸腾"
"视觉特效","死亡","PlayerDeathVFX","玩家死亡慢动作墨迹飘散","P0","缺失","慢动作+墨迹飘散"
"字体","UI","ShuiMoFont_SDF","水墨书法标题字体TMP SDF","P0","缺失","推荐:江西拙楷/日文毛笔/方正吕建德"
"字体","UI","InkBodyFont_SDF","正文宋体字体TMP SDF","P1","缺失","推荐:思源宋体/方正书宋"
"场景","菜单","MainMenu","主菜单场景","P0","仅代码","MainMenuUI+水墨背景+BGM"
"场景","菜单","LobbyScene","大厅/选关场景","P1","仅代码","LobbyUI+存档选择+天赋树"
"场景","战斗","BattleScene","战斗场景(已有)","P0","已创建","需补水墨背景层和光照"
"环境","背景","BG_FarMountains","远景水墨山峦视差层1","P2","缺失","横屏全景淡墨渲染"
"环境","背景","BG_MidForest","中景竹林剪影视差层2","P2","缺失","水墨竹林半透明剪影"
"环境","背景","BG_NearGround","近景水墨纹理地面","P2","缺失","水墨纹理"
"环境","背景","BG_SkyGradient","宣纸色天空渐变","P2","缺失","程序化渐变或Quad纹理"
"环境","Tilemap","GroundTiles","地面瓦片水墨石板","P1","缺失","Tilemap水墨纹理"
"环境","Tilemap","WallTiles","墙壁瓦片洞穴竹墙","P1","缺失","Tilemap水墨纹理"
"配置","数据","StyleDatabase","战斗风格ScriptableObject","P1","缺失","5风格:剑/刀/印/毒/血"
"配置","数据","EnemyDatabase","敌人属性ScriptableObject","P1","缺失","杂兵/弓手/精英/Boss"
"配置","数据","ItemDatabase","升级道具ScriptableObject","P1","缺失","30+道具配置表"
"配置","输入","GameInput","InputSystem输入配置","P0","已存在","Assets/GameInput.inputactions"